Region,keyword
US,COVID symptoms
US-AL,COVID symptoms
US-AK,COVID symptoms
US-AZ,COVID symptoms
US-AR,COVID symptoms
US-CA,COVID symptoms
US-CO,COVID symptoms
US-CT,COVID symptoms
US-DE,COVID symptoms
US-DC,COVID symptoms
US-FL,COVID symptoms
US-GA,COVID symptoms
US-HI,COVID symptoms
US-ID,COVID symptoms
US-IL,COVID symptoms
US-IN,COVID symptoms
US-IA,COVID symptoms
US-KS,COVID symptoms
US-KY,COVID symptoms
US-LA,COVID symptoms
US-ME,COVID symptoms
US-MD,COVID symptoms
US-MA,COVID symptoms
US-MI,COVID symptoms
US-MN,COVID symptoms
US-MS,COVID symptoms
US-MO,COVID symptoms
US-MT,COVID symptoms
US-NE,COVID symptoms
US-NV,COVID symptoms
US-NH,COVID symptoms
US-NJ,COVID symptoms
US-NM,COVID symptoms
US-NY,COVID symptoms
US-NC,COVID symptoms
US-ND,COVID symptoms
US-OH,COVID symptoms
US-OK,COVID symptoms
US-OR,COVID symptoms
US-PA,COVID symptoms
US-RI,COVID symptoms
US-SC,COVID symptoms
US-SD,COVID symptoms
US-TN,COVID symptoms
US-TX,COVID symptoms
US-UT,COVID symptoms
US-VT,COVID symptoms
US-VA,COVID symptoms
US-WA,COVID symptoms
US-WV,COVID symptoms
US-WI,COVID symptoms
US-WY,COVID symptoms
